{
    "BTCUSDT": {
        "min": -0.09381047804599696,
        "max": 0.11614521215272866
    },
    "ETHUSDT": {
        "min": -0.140174731340184,
        "max": 0.06302386612042632
    },
    "XRPUSDT": {
        "min": -0.22493814376868126,
        "max": 0.24487335026863666
    },
    "BNBUSDT": {
        "min": -0.16872649580597976,
        "max": 0.11908084435766142
    },
    "ADAUSDT": {
        "min": -0.24257147619262406,
        "max": 0.14008513566667227
    },
    "BCHUSDT": {
        "min": -0.2905976635131555,
        "max": 0.13349571643587765
    },
    "XLMUSDT": {
        "min": -0.3491749917470365,
        "max": 0.24773363234955792
    },
    "DOTUSDT": {
        "min": -0.3799975857125384,
        "max": 0.14216512095214973
    },
    "LINKUSDT": {
        "min": -0.26199823993976157,
        "max": 0.11708894792064095
    },
    "LTCUSDT": {
        "min": -0.3003999197753213,
        "max": 0.12408982753751463
    }
}