{
    "BTCUSDT": {
        "min": -0.20103321417478348,
        "max": 0.16028033154146293
    },
    "ETHUSDT": {
        "min": -0.2341131845956701,
        "max": 0.1398249393198281
    },
    "XRPUSDT": {
        "min": -0.08966125424842608,
        "max": 0.0942999086289884
    },
    "BNBUSDT": {
        "min": -0.2264643471526644,
        "max": 0.11774020910391436
    },
    "ADAUSDT": {
        "min": -0.10236690885013155,
        "max": 0.11299679018281505
    },
    "BCHUSDT": {
        "min": -0.1299400295317481,
        "max": 0.12808486076720094
    },
    "XLMUSDT": {
        "min": -0.0765130250000543,
        "max": 0.09756525865545784
    },
    "DOTUSDT": {
        "min": -0.3799975857125384,
        "max": 0.14216512095214973
    },
    "LINKUSDT": {
        "min": -0.21601497565089578,
        "max": 0.43398728101575246
    },
    "LTCUSDT": {
        "min": -0.21251795602497126,
        "max": 0.14881612316662984
    }
}